Consequence,PolyPhen,gmaf,AFR_MAF,AMR_MAF,EAS_MAF,EUR_MAF,SAS_MAF,F_alelica
missense_variant,probably_damaging(1),0.0006,0,0,0,0,0.0031,0.019607843
missense_variant,benign(0.001),0.0002,0,0,0.001,0,0,0.019607843
missense_variant,possibly_damaging(0.557),0.4998,0.4077,0.5086,0.2173,0.8569,0.544,0.588235294
missense_variant&splice_region_variant,benign(0.001),0.1362,0.0068,0.17,0.0536,0.2535,0.2515,0.176470588
missense_variant,benign(0.014),0.0002,0,0,0,0,0.001,0.019607843
missense_variant,probably_damaging(0.999),0.0004,0,0,0,0,0.002,0.019607843
missense_variant,benign(0.344),0.0006,0,0.0014,0,0.002,0,0.019607843
missense_variant,possibly_damaging(0.857),0.0042,0,0,0.0139,0.006,0.001,0.019607843
missense_variant,benign(0.318),0.097,0.0953,0.1138,0,0.1978,0.0838,0.176470588
missense_variant,benign(0.019),0.0304,0.0015,0.098,0.0605,0.003,0.0184,0.450980392
missense_variant,possibly_damaging(0.581),0.0002,0,0.0014,0,0,0,0.019607843
missense_variant,benign(0.002),0.0218,0.0008,0.0245,0.0823,0.006,0.002,0.058823529
missense_variant,possibly_damaging(0.78),0.0002,0,0,0,0,0.001,0.019607843
missense_variant,benign(0.01),0.0421,0.0545,0.134,0.0308,0.007,0.0082,0.37254902
missense_variant&splice_region_variant,benign(0.057),0.0002,0,0,0.001,0,0,0.019607843
missense_variant,benign(0),0.005,0.9977,0.9942,1,0.9841,0.998,1.901960784
missense_variant,benign(0),0.0024,0,0.0014,0,0.008,0.0031,0.019607843
missense_variant,probably_damaging(0.999),0.0022,0,0.0086,0.004,0,0.001,0.078431373
missense_variant,probably_damaging(0.933),0.0002,0,0,0,0.001,0,0.019607843
missense_variant,benign(0.13),0.0002,0,0.0014,0,0,0,0.019607843
missense_variant,benign(0),0.2736,0.975,0.6931,0.6389,0.6481,0.5849,1.156862745
missense_variant,benign(0.077),0.0004,0,0,0.001,0,0.001,0.019607843
missense_variant,possibly_damaging(0.869),0.0729,0.0098,0.121,0.0605,0.1352,0.0726,0.137254902
missense_variant,possibly_damaging(0.778),0.0074,0,0.0115,0,0.0268,0.002,0.019607843
missense_variant,benign(0.002),0.0012,0.003,0.0029,0,0,0,0.039215686
missense_variant,probably_damaging(0.998),0.0012,0,0,0.006,0,0,0.019607843
missense_variant&NMD_transcript_variant,benign(0.099),0.0004,0.0008,0,0.001,0,0,0.019607843
missense_variant,benign(0),0.3722,0.5023,0.3573,0.1617,0.3867,0.409,0.549019608
missense_variant,benign(0.148),0.0002,0,0.0014,0,0,0,0.019607843
missense_variant,benign(0.017),0.0004,0,0,0,0.002,0,0.019607843
missense_variant,benign(0.001),0.0098,0,0.0159,0,0.0368,0.001,0.019607843
missense_variant,probably_damaging(0.999),0.0002,0,0,0,0,0.001,0.019607843
missense_variant,probably_damaging(0.998),0.0002,0,0,0,0.001,0,0.019607843
missense_variant&splice_region_variant,probably_damaging(0.985),0.0062,0,0.0303,0.0099,0,0,0.058823529
missense_variant,unknown(0),0.0006,0,0.0043,0,0,0,0.039215686
missense_variant,unknown(0),0.393,0.5363,0.3372,0.0813,0.5298,0.4192,0.411764706
missense_variant,benign(0.109),0.0002,0,0,0,0.001,0,0.019607843
missense_variant,benign(0.012),0.0072,0.0015,0.0086,0,0.0199,0.0082,0.019607843
missense_variant,benign(0.008),0.3165,0.1104,0.4049,0.2163,0.5099,0.4366,0.666666667
missense_variant,benign(0.257),0.0004,0,0.0029,0,0,0,0.117647059
missense_variant,benign(0.003),0.0002,0.0008,0,0,0,0,0.019607843
missense_variant,probably_damaging(0.988),0.004,0,0.013,0,0.008,0.0031,0.019607843
missense_variant,benign(0),0.0855,0.3116,0.0216,0.001,0,0,0.019607843
missense_variant,benign(0.002),0.0006,0,0.0014,0,0.001,0.001,0.039215686
missense_variant,benign(0),0.356,0.5234,0.4611,0.2738,0.2644,0.2342,1.176470588
missense_variant,benign(0.034),0.0004,0.0008,0.0014,0,0,0,0.039215686
missense_variant,probably_damaging(0.999),0.0002,0,0,0,0,0.001,0.019607843
missense_variant,benign(0.003),0.2959,0.2209,0.3458,0.1617,0.3837,0.41,0.568627451
missense_variant,benign(0),0.14,0.2118,0.0865,0.2004,0.0268,0.135,0.176470588
missense_variant,benign(0.002),0.0002,0,0,0,0,0.001,0.019607843
missense_variant,probably_damaging(0.999),0.0004,0,0,0,0.001,0.001,0.019607843
missense_variant,benign(0.009),0.0014,0.0045,0.0014,0,0,0,0.019607843
missense_variant,possibly_damaging(0.477),0.0078,0.0227,0.0058,0,0.004,0.001,0.019607843
missense_variant,benign(0),0.0487,0.1604,0.0101,0.0159,0.004,0.0051,0.019607843
missense_variant,benign(0),0.1965,0.472,0.1787,0.0784,0.0994,0.0583,0.352941176
missense_variant,possibly_damaging(0.895),0.0268,0.0983,0.0043,0,0.001,0,0.019607843
missense_variant,probably_damaging(0.976),0.0002,0,0.0014,0,0,0,0.019607843
missense_variant,possibly_damaging(0.548),0.0002,0,0,0,0.001,0,0.019607843
missense_variant,benign(0.001),0.0002,0,0,0,0.001,0,0.039215686
missense_variant,probably_damaging(0.971),0.0002,0,0.0014,0,0,0,0.019607843
missense_variant,probably_damaging(0.995),0.0002,0,0,0,0.001,0,0.019607843
missense_variant,benign(0.004),0.1879,0.4206,0.1571,0.1141,0.0447,0.1186,0.137254902
missense_variant,probably_damaging(0.993),0.0006,0.0023,0,0,0,0,0.019607843
missense_variant,benign(0.126),0.0014,0,0,0.006,0,0.001,0.019607843
missense_variant,benign(0.029),0.0004,0.0015,0,0,0,0,0.019607843
missense_variant,benign(0.08),0.0074,0,0.0115,0,0.0268,0.002,0.019607843
missense_variant,benign(0.005),0.0002,0.0008,0,0,0,0,0.019607843
missense_variant,possibly_damaging(0.504),0.009,0,0.0043,0.001,0.0378,0.0031,0.019607843
missense_variant,probably_damaging(0.996),0.0004,0.0008,0.0014,0,0,0,0.019607843
missense_variant,probably_damaging(1),0.0729,0.2632,0.0245,0,0,0,0.019607843
missense_variant,benign(0.157),0.0132,0.0008,0.0245,0.001,0.0189,0.0286,0.019607843
missense_variant,unknown(0),0.025,0.0068,0.0447,0,0.0696,0.0153,0.156862745
missense_variant,probably_damaging(0.998),0.0084,0,0.0202,0,0.0278,0,0.019607843
missense_variant,probably_damaging(0.941),0.0002,0,0,0.001,0,0,0.019607843
missense_variant,probably_damaging(0.946),0.0002,0.0008,0,0,0,0,0.019607843
missense_variant,benign(0),0.2196,0.121,0.121,0.376,0.2465,0.2342,0.274509804
missense_variant&NMD_transcript_variant,benign(0.001),0.001,0.0015,0,0,0.003,0,0.098039216
missense_variant,possibly_damaging(0.867),0.003,0.0008,0.0014,0,0.0109,0.002,0.058823529
missense_variant,benign(0),0.0012,1,0.9986,1,0.997,0.998,1.960784314
missense_variant,possibly_damaging(0.891),0.4643,0.2769,0.5447,0.7391,0.5994,0.6043,0.019607843
missense_variant&NMD_transcript_variant,possibly_damaging(0.791),0.0016,0,0,0,0,0.0082,0.019607843
missense_variant&splice_region_variant,benign(0.222),0.001,0,0.0058,0,0.001,0,0.019607843
missense_variant,benign(0.207),0.0198,0.0719,0.0058,0,0,0,0.215686275
missense_variant&NMD_transcript_variant,benign(0.007),0.0002,0,0,0,0,0.001,0.019607843
missense_variant,benign(0),0.0491,0.1604,0.0101,0.0159,0.005,0.0061,0.039215686
missense_variant,benign(0.06),0.0002,0.0008,0,0,0,0,0.058823529
missense_variant,benign(0),0.1514,0.2103,0.1614,0.0308,0.2157,0.1227,0.137254902
missense_variant,unknown(0),0.1567,0.7965,0.8674,0.878,0.8588,0.8374,1.68627451
missense_variant,benign(0.149),0.0082,0.0015,0.0274,0,0.0169,0.0031,0.058823529
missense_variant,probably_damaging(1),0.3403,0.2163,0.402,0.2391,0.4841,0.4202,0.745098039
missense_variant,probably_damaging(0.999),0.003,0.0098,0.0029,0,0,0,0.019607843
missense_variant,benign(0.048),0.0014,0.0053,0,0,0,0,0.019607843
missense_variant,probably_damaging(0.998),0.0114,0.0416,0.0029,0,0,0,0.019607843
missense_variant,benign(0.177),0.0992,0.0113,0.1988,0,0.2942,0.0491,0.333333333
missense_variant,benign(0.002),0.0014,0,0.0029,0.005,0,0,0.019607843
missense_variant,benign(0.001),0.3251,0.1762,0.4035,0.2163,0.4851,0.4182,0.666666667
missense_variant,benign(0.001),0.0086,0,0.0605,0,0.001,0,0.039215686
missense_variant,benign(0.333),0.0002,0.0008,0,0,0,0,0.019607843
missense_variant,benign(0.013),0.2107,0.0862,0.1153,0.373,0.2545,0.2342,0.156862745
missense_variant&NMD_transcript_variant,probably_damaging(0.966),0.0002,0,0,0.001,0,0,0.019607843
missense_variant,benign(0.066),0.0863,0.0212,0.0706,0.0208,0.1501,0.1871,0.058823529
missense_variant,possibly_damaging(0.586),0.4714,0.447,0.4597,0.3512,0.5666,0.5389,1.058823529
missense_variant&splice_region_variant,benign(0.16),0.001,0,0,0.005,0,0,0.019607843
missense_variant,benign(0.357),0.0002,0,0,0,0.001,0,0.019607843
missense_variant,benign(0.001),0.0312,0.0272,0.0331,0.001,0.0527,0.044,0.078431373
missense_variant,probably_damaging(0.954),0.0002,0,0,0.001,0,0,0.019607843
missense_variant,benign(0.001),0.0234,0.0015,0.0389,0,0.0785,0.0092,0.078431373
missense_variant,benign(0.026),0.0002,0,0,0,0.001,0,0.039215686
missense_variant&splice_region_variant,benign(0.002),0.0002,0,0,0,0.001,0,0.019607843
missense_variant,unknown(0),0.0004,0,0,0,0.002,0,0.019607843
missense_variant,benign(0.363),0.0002,0.0008,0,0,0,0,0.019607843
missense_variant&NMD_transcript_variant,benign(0),0.0671,0.0431,0.0836,0.0268,0.1412,0.0532,0.058823529
missense_variant,benign(0.001),0.242,0.9478,0.6441,0.8194,0.5905,0.6912,1.254901961
missense_variant,unknown(0),0.0002,0,0,0,0.001,0,0.019607843
missense_variant,probably_damaging(0.954),0.0172,0.0484,0.0029,0.001,0.001,0.0184,0.019607843
missense_variant,benign(0.002),0.1474,0.3116,0.1196,0.0665,0.1312,0.045,0.392156863
missense_variant,benign(0.051),0.0002,0.0008,0,0,0,0,0.019607843
missense_variant,possibly_damaging(0.724),0.1691,0.2088,0.098,0.1042,0.173,0.229,0.137254902
missense_variant,probably_damaging(0.999),0.0002,0,0,0,0.001,0,0.019607843
missense_variant,benign(0.02),0.0002,0,0.0014,0,0,0,0.019607843
missense_variant&splice_region_variant&NMD_transcript_variant,benign(0.008),0.0002,0.0008,0,0,0,0,0.117647059
missense_variant,probably_damaging(0.998),0.0022,0.0076,0.0014,0,0,0,0.019607843
missense_variant,benign(0.001),0.3261,0.7247,0.6138,0.7083,0.6243,0.6636,0.862745098
missense_variant,benign(0),0.3748,0.6437,0.2925,0.1597,0.3489,0.318,0.470588235
missense_variant,benign(0.009),0.0002,0.0008,0,0,0,0,0.039215686
missense_variant,probably_damaging(0.978),0.0018,0.0068,0,0,0,0,0.019607843
missense_variant,benign(0),0.0008,0,0,0.004,0,0,0.019607843
missense_variant,probably_damaging(1),0.0002,0,0,0,0,0.001,0.019607843
missense_variant,benign(0.287),0.0002,0,0.0014,0,0,0,0.019607843
missense_variant,probably_damaging(0.999),0.0002,0,0,0.001,0,0,0.019607843
missense_variant,benign(0.002),0.0655,0.0136,0.0605,0.0327,0.1252,0.1115,0.078431373
missense_variant,unknown(0),0.2592,0.503,0.2277,0.1339,0.0755,0.2699,0.588235294
missense_variant,probably_damaging(0.953),0.0002,0.0008,0,0,0,0,0.039215686
missense_variant,probably_damaging(0.959),0.0002,0,0,0,0,0.001,0.019607843
missense_variant,benign(0.001),0.4012,0.4856,0.3674,0.5159,0.2922,0.3047,0.588235294
missense_variant,benign(0.144),0.0004,0.0015,0,0,0,0,0.039215686
missense_variant,benign(0),0.1206,0.4077,0.049,0,0.0159,0.0153,0.019607843
missense_variant,possibly_damaging(0.88),0.0012,0.0045,0,0,0,0,0.078431373
missense_variant,benign(0.001),0.2304,0.3094,0.2277,0.1012,0.2167,0.273,0.549019608
missense_variant,benign(0.022),0.1841,0.3343,0.1297,0.1062,0.168,0.1166,0.235294118
missense_variant,benign(0.001),0.0763,0.1551,0.0303,0.0635,0.0268,0.0665,0.039215686
missense_variant,possibly_damaging(0.865),0.0964,0.0106,0.1037,0.002,0.2187,0.1789,0.235294118
missense_variant,probably_damaging(0.987),0.0567,0.0545,0.0562,0.0179,0.0696,0.0869,0.117647059
missense_variant,possibly_damaging(0.67),0.0178,0.0628,0.0072,0,0,0.001,0.019607843
missense_variant,benign(0.244),0.0268,0.0862,0.0058,0.0099,0,0.0061,0.019607843
missense_variant,probably_damaging(0.992),0.0006,0,0,0,0.003,0,0.019607843
missense_variant,benign(0.3),0.0112,0.0393,0.0029,0,0.002,0,0.019607843
missense_variant,benign(0.016),0.0016,0.0008,0.0014,0,0.006,0,0.019607843
missense_variant,benign(0),0,1,1,1,1,1,1.882352941
missense_variant,unknown(0),0.0034,0.0008,0.0058,0,0.0099,0.002,0.019607843
