Consequence,PolyPhen,gmaf,AFR_MAF,AMR_MAF,EAS_MAF,EUR_MAF,SAS_MAF,F_alelica
missense_variant,probably_damaging(1),T:0.0006,T:0,T:0,T:0,T:0,T:0.0031,0.019607843
missense_variant,benign(0.001),C:0.0002,C:0,C:0,C:0.001,C:0,C:0,0.019607843
missense_variant,possibly_damaging(0.557),T:0.4998,C:0.4077,C:0.5086,C:0.2173,C:0.8569,C:0.544,0.588235294
missense_variant&splice_region_variant,benign(0.001),G:0.1362,G:0.0068,G:0.17,G:0.0536,G:0.2535,G:0.2515,0.176470588
missense_variant,benign(0.014),T:0.0002,T:0,T:0,T:0,T:0,T:0.001,0.019607843
missense_variant,probably_damaging(0.999),A:0.0004,A:0,A:0,A:0,A:0,A:0.002,0.019607843
missense_variant,benign(0.344),A:0.0006,A:0,A:0.0014,A:0,A:0.002,A:0,0.019607843
missense_variant,possibly_damaging(0.857),G:0.0042,G:0,G:0,G:0.0139,G:0.006,G:0.001,0.019607843
missense_variant,benign(0.318),G:0.0970,G:0.0953,G:0.1138,G:0,G:0.1978,G:0.0838,0.176470588
missense_variant,benign(0.019),T:0.0304,T:0.0015,T:0.098,T:0.0605,T:0.003,T:0.0184,0.450980392
missense_variant,possibly_damaging(0.581),A:0.0002,A:0,A:0.0014,A:0,A:0,A:0,0.019607843
missense_variant,benign(0.002),T:0.0218,T:0.0008,T:0.0245,T:0.0823,T:0.006,T:0.002,0.058823529
missense_variant,possibly_damaging(0.78),C:0.0002,C:0,C:0,C:0,C:0,C:0.001,0.019607843
missense_variant,benign(0.01),T:0.0421,T:0.0545,T:0.134,T:0.0308,T:0.007,T:0.0082,0.37254902
missense_variant&splice_region_variant,benign(0.057),G:0.0002,G:0,G:0,G:0.001,G:0,G:0,0.019607843
missense_variant,benign(0),C:0.0050,G:0.9977,G:0.9942,G:1,G:0.9841,G:0.998,1.901960784
missense_variant,benign(0),T:0.0024,T:0,T:0.0014,T:0,T:0.008,T:0.0031,0.019607843
missense_variant,probably_damaging(0.999),A:0.0022,A:0,A:0.0086,A:0.004,A:0,A:0.001,0.078431373
missense_variant,probably_damaging(0.933),A:0.0002,A:0,A:0,A:0,A:0.001,A:0,0.019607843
missense_variant,benign(0.13),C:0.0002,C:0,C:0.0014,C:0,C:0,C:0,0.019607843
missense_variant,benign(0),C:0.2736,A:0.975,A:0.6931,A:0.6389,A:0.6481,A:0.5849,1.156862745
missense_variant,benign(0.077),A:0.0004,A:0,A:0,A:0.001,A:0,A:0.001,0.019607843
missense_variant,possibly_damaging(0.869),T:0.0729,T:0.0098,T:0.121,T:0.0605,T:0.1352,T:0.0726,0.137254902
missense_variant,possibly_damaging(0.778),A:0.0074,A:0,A:0.0115,A:0,A:0.0268,A:0.002,0.019607843
missense_variant,benign(0.002),A:0.0012,A:0.003,A:0.0029,A:0,A:0,A:0,0.039215686
missense_variant,probably_damaging(0.998),A:0.0012,A:0,A:0,A:0.006,A:0,A:0,0.019607843
missense_variant&NMD_transcript_variant,benign(0.099),A:0.0004,A:0.0008,A:0,A:0.001,A:0,A:0,0.019607843
missense_variant,benign(0),T:0.3722,T:0.5023,T:0.3573,T:0.1617,T:0.3867,T:0.409,0.549019608
missense_variant,benign(0.148),G:0.0002,G:0,G:0.0014,G:0,G:0,G:0,0.019607843
missense_variant,benign(0.017),G:0.0004,G:0,G:0,G:0,G:0.002,G:0,0.019607843
missense_variant,benign(0.001),A:0.0098,A:0,A:0.0159,A:0,A:0.0368,A:0.001,0.019607843
missense_variant,probably_damaging(0.999),T:0.0002,T:0,T:0,T:0,T:0,T:0.001,0.019607843
missense_variant,probably_damaging(0.998),G:0.0002,G:0,G:0,G:0,G:0.001,G:0,0.019607843
missense_variant&splice_region_variant,probably_damaging(0.985),C:0.0062,C:0,C:0.0303,C:0.0099,C:0,C:0,0.058823529
missense_variant,unknown(0),A:0.0006,A:0,A:0.0043,A:0,A:0,A:0,0.039215686
missense_variant,unknown(0),C:0.3930,C:0.5363,C:0.3372,C:0.0813,C:0.5298,C:0.4192,0.411764706
missense_variant,benign(0.109),T:0.0002,T:0,T:0,T:0,T:0.001,T:0,0.019607843
missense_variant,benign(0.012),G:0.0072,G:0.0015,G:0.0086,G:0,G:0.0199,G:0.0082,0.019607843
missense_variant,benign(0.008),G:0.3165,G:0.1104,G:0.4049,G:0.2163,G:0.5099,G:0.4366,0.666666667
missense_variant,benign(0.257),T:0.0004,T:0,T:0.0029,T:0,T:0,T:0,0.117647059
missense_variant,benign(0.003),A:0.0002,A:0.0008,A:0,A:0,A:0,A:0,0.019607843
missense_variant,probably_damaging(0.988),C:0.0040,C:0,C:0.013,C:0,C:0.008,C:0.0031,0.019607843
missense_variant,benign(0),C:0.0855,C:0.3116,C:0.0216,C:0.001,C:0,C:0,0.019607843
missense_variant,benign(0.002),T:0.0006,T:0,T:0.0014,T:0,T:0.001,T:0.001,0.039215686
missense_variant,benign(0),C:0.3560,C:0.5234,C:0.4611,C:0.2738,C:0.2644,C:0.2342,1.176470588
missense_variant,benign(0.034),A:0.0004,A:0.0008,A:0.0014,A:0,A:0,A:0,0.039215686
missense_variant,probably_damaging(0.999),A:0.0002,A:0,A:0,A:0,A:0,A:0.001,0.019607843
missense_variant,benign(0.003),G:0.2959,G:0.2209,G:0.3458,G:0.1617,G:0.3837,G:0.41,0.568627451
missense_variant,benign(0),G:0.1400,G:0.2118,G:0.0865,G:0.2004,G:0.0268,G:0.135,0.176470588
missense_variant,benign(0.002),T:0.0002,T:0,T:0,T:0,T:0,T:0.001,0.019607843
missense_variant,probably_damaging(0.999),T:0.0004,T:0,T:0,T:0,T:0.001,T:0.001,0.019607843
missense_variant,benign(0.009),T:0.0014,T:0.0045,T:0.0014,T:0,T:0,T:0,0.019607843
missense_variant,possibly_damaging(0.477),A:0.0078,A:0.0227,A:0.0058,A:0,A:0.004,A:0.001,0.019607843
missense_variant,benign(0),G:0.0487,G:0.1604,G:0.0101,G:0.0159,G:0.004,G:0.0051,0.019607843
missense_variant,benign(0),C:0.1965,C:0.472,C:0.1787,C:0.0784,C:0.0994,C:0.0583,0.352941176
missense_variant,possibly_damaging(0.895),A:0.0268,A:0.0983,A:0.0043,A:0,A:0.001,A:0,0.019607843
missense_variant,probably_damaging(0.976),A:0.0002,A:0,A:0.0014,A:0,A:0,A:0,0.019607843
missense_variant,possibly_damaging(0.548),T:0.0002,T:0,T:0,T:0,T:0.001,T:0,0.019607843
missense_variant,benign(0.001),T:0.0002,T:0,T:0,T:0,T:0.001,T:0,0.039215686
missense_variant,probably_damaging(0.971),A:0.0002,A:0,A:0.0014,A:0,A:0,A:0,0.019607843
missense_variant,probably_damaging(0.995),G:0.0002,G:0,G:0,G:0,G:0.001,G:0,0.019607843
missense_variant,benign(0.004),T:0.1879,T:0.4206,T:0.1571,T:0.1141,T:0.0447,T:0.1186,0.137254902
missense_variant,probably_damaging(0.993),T:0.0006,T:0.0023,T:0,T:0,T:0,T:0,0.019607843
missense_variant,benign(0.126),A:0.0014,A:0,A:0,A:0.006,A:0,A:0.001,0.019607843
missense_variant,benign(0.029),A:0.0004,A:0.0015,A:0,A:0,A:0,A:0,0.019607843
missense_variant,benign(0.08),A:0.0074,A:0,A:0.0115,A:0,A:0.0268,A:0.002,0.019607843
missense_variant,benign(0.005),T:0.0002,T:0.0008,T:0,T:0,T:0,T:0,0.019607843
missense_variant,possibly_damaging(0.504),A:0.0090,A:0,A:0.0043,A:0.001,A:0.0378,A:0.0031,0.019607843
missense_variant,probably_damaging(0.996),T:0.0004,T:0.0008,T:0.0014,T:0,T:0,T:0,0.019607843
missense_variant,probably_damaging(1),T:0.0729,T:0.2632,T:0.0245,T:0,T:0,T:0,0.019607843
missense_variant,benign(0.157),A:0.0132,A:0.0008,A:0.0245,A:0.001,A:0.0189,A:0.0286,0.019607843
missense_variant,unknown(0),T:0.0250,T:0.0068,T:0.0447,T:0,T:0.0696,T:0.0153,0.156862745
missense_variant,probably_damaging(0.998),G:0.0084,G:0,G:0.0202,G:0,G:0.0278,G:0,0.019607843
missense_variant,probably_damaging(0.941),T:0.0002,T:0,T:0,T:0.001,T:0,T:0,0.019607843
missense_variant,probably_damaging(0.946),A:0.0002,A:0.0008,A:0,A:0,A:0,A:0,0.019607843
missense_variant,benign(0),G:0.2196,G:0.121,G:0.121,G:0.376,G:0.2465,G:0.2342,0.274509804
missense_variant&NMD_transcript_variant,benign(0.001),T:0.0010,T:0.0015,T:0,T:0,T:0.003,T:0,0.098039216
missense_variant,possibly_damaging(0.867),T:0.0030,T:0.0008,T:0.0014,T:0,T:0.0109,T:0.002,0.058823529
missense_variant,benign(0),C:0.0012,T:1,T:0.9986,T:1,T:0.997,T:0.998,1.960784314
missense_variant,possibly_damaging(0.891),C:0.4643,T:0.2769,T:0.5447,T:0.7391,T:0.5994,T:0.6043,0.019607843
missense_variant&NMD_transcript_variant,possibly_damaging(0.791),T:0.0016,T:0,T:0,T:0,T:0,T:0.0082,0.019607843
missense_variant&splice_region_variant,benign(0.222),G:0.0010,G:0,G:0.0058,G:0,G:0.001,G:0,0.019607843
missense_variant,benign(0.207),G:0.0198,G:0.0719,G:0.0058,G:0,G:0,G:0,0.215686275
missense_variant&NMD_transcript_variant,benign(0.007),T:0.0002,T:0,T:0,T:0,T:0,T:0.001,0.019607843
missense_variant,benign(0),A:0.0491,A:0.1604,A:0.0101,A:0.0159,A:0.005,A:0.0061,0.039215686
missense_variant,benign(0.06),A:0.0002,A:0.0008,A:0,A:0,A:0,A:0,0.058823529
missense_variant,benign(0),G:0.1514,G:0.2103,G:0.1614,G:0.0308,G:0.2157,G:0.1227,0.137254902
missense_variant,unknown(0),G:0.1567,C:0.7965,C:0.8674,C:0.878,C:0.8588,C:0.8374,1.68627451
missense_variant,benign(0.149),A:0.0082,A:0.0015,A:0.0274,A:0,A:0.0169,A:0.0031,0.058823529
missense_variant,probably_damaging(1),A:0.3403,A:0.2163,A:0.402,A:0.2391,A:0.4841,A:0.4202,0.745098039
missense_variant,probably_damaging(0.999),A:0.0030,A:0.0098,A:0.0029,A:0,A:0,A:0,0.019607843
missense_variant,benign(0.048),A:0.0014,A:0.0053,A:0,A:0,A:0,A:0,0.019607843
missense_variant,probably_damaging(0.998),T:0.0114,T:0.0416,T:0.0029,T:0,T:0,T:0,0.019607843
missense_variant,benign(0.177),G:0.0992,G:0.0113,G:0.1988,G:0,G:0.2942,G:0.0491,0.333333333
missense_variant,benign(0.002),T:0.0014,T:0,T:0.0029,T:0.005,T:0,T:0,0.019607843
missense_variant,benign(0.001),A:0.3251,A:0.1762,A:0.4035,A:0.2163,A:0.4851,A:0.4182,0.666666667
missense_variant,benign(0.001),T:0.0086,T:0,T:0.0605,T:0,T:0.001,T:0,0.039215686
missense_variant,benign(0.333),A:0.0002,A:0.0008,A:0,A:0,A:0,A:0,0.019607843
missense_variant,benign(0.013),C:0.2107,C:0.0862,C:0.1153,C:0.373,C:0.2545,C:0.2342,0.156862745
missense_variant&NMD_transcript_variant,probably_damaging(0.966),A:0.0002,A:0,A:0,A:0.001,A:0,A:0,0.019607843
missense_variant,benign(0.066),A:0.0863,A:0.0212,A:0.0706,A:0.0208,A:0.1501,A:0.1871,0.058823529
missense_variant,possibly_damaging(0.586),G:0.4714,G:0.447,G:0.4597,G:0.3512,G:0.5666,G:0.5389,1.058823529
missense_variant&splice_region_variant,benign(0.16),T:0.0010,T:0,T:0,T:0.005,T:0,T:0,0.019607843
missense_variant,benign(0.357),T:0.0002,T:0,T:0,T:0,T:0.001,T:0,0.019607843
missense_variant,benign(0.001),T:0.0312,T:0.0272,T:0.0331,T:0.001,T:0.0527,T:0.044,0.078431373
missense_variant,probably_damaging(0.954),T:0.0002,T:0,T:0,T:0.001,T:0,T:0,0.019607843
missense_variant,benign(0.001),A:0.0234,A:0.0015,A:0.0389,A:0,A:0.0785,A:0.0092,0.078431373
missense_variant,benign(0.026),C:0.0002,C:0,C:0,C:0,C:0.001,C:0,0.039215686
missense_variant&splice_region_variant,benign(0.002),T:0.0002,T:0,T:0,T:0,T:0.001,T:0,0.019607843
missense_variant,unknown(0),A:0.0004,A:0,A:0,A:0,A:0.002,A:0,0.019607843
missense_variant,benign(0.363),A:0.0002,A:0.0008,A:0,A:0,A:0,A:0,0.019607843
missense_variant&NMD_transcript_variant,benign(0),C:0.0671,C:0.0431,C:0.0836,C:0.0268,C:0.1412,C:0.0532,0.058823529
missense_variant,benign(0.001),A:0.2420,G:0.9478,G:0.6441,G:0.8194,G:0.5905,G:0.6912,1.254901961
missense_variant,unknown(0),T:0.0002,T:0,T:0,T:0,T:0.001,T:0,0.019607843
missense_variant,probably_damaging(0.954),G:0.0172,G:0.0484,G:0.0029,G:0.001,G:0.001,G:0.0184,0.019607843
missense_variant,benign(0.002),T:0.1474,T:0.3116,T:0.1196,T:0.0665,T:0.1312,T:0.045,0.392156863
missense_variant,benign(0.051),A:0.0002,A:0.0008,A:0,A:0,A:0,A:0,0.019607843
missense_variant,possibly_damaging(0.724),C:0.1691,C:0.2088,C:0.098,C:0.1042,C:0.173,C:0.229,0.137254902
missense_variant,probably_damaging(0.999),T:0.0002,T:0,T:0,T:0,T:0.001,T:0,0.019607843
missense_variant,benign(0.02),A:0.0002,A:0,A:0.0014,A:0,A:0,A:0,0.019607843
missense_variant&splice_region_variant&NMD_transcript_variant,benign(0.008),A:0.0002,A:0.0008,A:0,A:0,A:0,A:0,0.117647059
missense_variant,probably_damaging(0.998),C:0.0022,C:0.0076,C:0.0014,C:0,C:0,C:0,0.019607843
missense_variant,benign(0.001),T:0.3261,C:0.7247,C:0.6138,C:0.7083,C:0.6243,C:0.6636,0.862745098
missense_variant,benign(0),G:0.3748,G:0.6437,G:0.2925,G:0.1597,G:0.3489,G:0.318,0.470588235
missense_variant,benign(0.009),A:0.0002,A:0.0008,A:0,A:0,A:0,A:0,0.039215686
missense_variant,probably_damaging(0.978),C:0.0018,C:0.0068,C:0,C:0,C:0,C:0,0.019607843
missense_variant,benign(0),A:0.0008,A:0,A:0,A:0.004,A:0,A:0,0.019607843
missense_variant,probably_damaging(1),T:0.0002,T:0,T:0,T:0,T:0,T:0.001,0.019607843
missense_variant,benign(0.287),T:0.0002,T:0,T:0.0014,T:0,T:0,T:0,0.019607843
missense_variant,probably_damaging(0.999),T:0.0002,T:0,T:0,T:0.001,T:0,T:0,0.019607843
missense_variant,benign(0.002),G:0.0655,G:0.0136,G:0.0605,G:0.0327,G:0.1252,G:0.1115,0.078431373
missense_variant,unknown(0),T:0.2592,T:0.503,T:0.2277,T:0.1339,T:0.0755,T:0.2699,0.588235294
missense_variant,probably_damaging(0.953),A:0.0002,A:0.0008,A:0,A:0,A:0,A:0,0.039215686
missense_variant,probably_damaging(0.959),A:0.0002,A:0,A:0,A:0,A:0,A:0.001,0.019607843
missense_variant,benign(0.001),C:0.4012,C:0.4856,C:0.3674,C:0.5159,C:0.2922,C:0.3047,0.588235294
missense_variant,benign(0.144),A:0.0004,A:0.0015,A:0,A:0,A:0,A:0,0.039215686
missense_variant,benign(0),C:0.1206,C:0.4077,C:0.049,C:0,C:0.0159,C:0.0153,0.019607843
missense_variant,possibly_damaging(0.88),A:0.0012,A:0.0045,A:0,A:0,A:0,A:0,0.078431373
missense_variant,benign(0.001),C:0.2304,C:0.3094,C:0.2277,C:0.1012,C:0.2167,C:0.273,0.549019608
missense_variant,benign(0.022),A:0.1841,A:0.3343,A:0.1297,A:0.1062,A:0.168,A:0.1166,0.235294118
missense_variant,benign(0.001),A:0.0763,A:0.1551,A:0.0303,A:0.0635,A:0.0268,A:0.0665,0.039215686
missense_variant,possibly_damaging(0.865),C:0.0964,C:0.0106,C:0.1037,C:0.002,C:0.2187,C:0.1789,0.235294118
missense_variant,probably_damaging(0.987),T:0.0567,T:0.0545,T:0.0562,T:0.0179,T:0.0696,T:0.0869,0.117647059
missense_variant,possibly_damaging(0.67),A:0.0178,A:0.0628,A:0.0072,A:0,A:0,A:0.001,0.019607843
missense_variant,benign(0.244),A:0.0268,A:0.0862,A:0.0058,A:0.0099,A:0,A:0.0061,0.019607843
missense_variant,probably_damaging(0.992),T:0.0006,T:0,T:0,T:0,T:0.003,T:0,0.019607843
missense_variant,benign(0.3),T:0.0112,T:0.0393,T:0.0029,T:0,T:0.002,T:0,0.019607843
missense_variant,benign(0.016),A:0.0016,A:0.0008,A:0.0014,A:0,A:0.006,A:0,0.019607843
missense_variant,benign(0),T:0.0000,C:1,C:1,C:1,C:1,C:1,1.882352941
missense_variant,unknown(0),C:0.0034,C:0.0008,C:0.0058,C:0,C:0.0099,C:0.002,0.019607843
